abce3c9a-9e95-4dbc-a73a-6c59ff8547d5.png,https://static.flickr.com/7348/26512273414_4d5cd9a3b4.jpg
694f14f3-b6ff-4e11-a092-ead210f830cb.png,https://static.flickr.com/7293/26513548733_1d64ca5a29.jpg
cabfdf51-c7fc-4542-8fce-057a1fa17804.png,https://static.flickr.com/7686/26512334814_7e7d69c41e.jpg
d4f0efb5-2939-4b40-b2c0-3680da079e2e.png,https://static.flickr.com/7074/26511959244_d33f7493f6.jpg
2c2e3f98-47ce-4be6-b854-1304565393da.png,https://static.flickr.com/7473/27023540442_f6b508f1e7.jpg
a1677054-18ac-4a25-af8c-dff7dbe1b923.png,https://static.flickr.com/7151/26513825183_83da5a0d22.jpg
8b3236dc-c57f-4d84-a743-56fc4ed8ff04.png,https://static.flickr.com/7398/27049713971_c9b2487d79.jpg
178160f3-2623-4cc0-a6af-cacbeed7a063.png,https://static.flickr.com/7541/27023153532_5ba1607440.jpg
9ba9232a-6654-45c1-8c83-0732c4efd12a.png,https://static.flickr.com/7045/27117186995_453127ddbf.jpg
1d15e0ed-07af-4e58-9f0a-439134dde4fb.png,https://static.flickr.com/7002/26511722304_8993b461ef.jpg
cb138cb7-5f62-4d97-a120-7d20fa1c4469.png,https://static.flickr.com/7623/27083926066_74899654ed.jpg
757f5270-cc11-4ab4-8959-ad522c668ff3.png,https://static.flickr.com/7457/26513406933_26c6a1d28b.jpg
d9208904-1751-4fd8-a5cf-670b292ab2ef.png,https://static.flickr.com/7541/27023153532_5ba1607440.jpg
333d403b-4702-44b0-af6c-671097ad79dc.png,https://static.flickr.com/7010/27022838682_02c0db3036.jpg
7fc4de52-109d-4709-abd4-d9a1a6163f9e.png,https://static.flickr.com/7197/27117985635_f719bdd6ef.jpg
abaad1f4-438f-4572-9a68-75ba993f2729.png,https://static.flickr.com/7293/26513548733_1d64ca5a29.jpg
c667f914-1033-4784-9544-6fe2ee64ad04.png,https://static.flickr.com/7345/26514131213_0044cf5fd5.jpg
9dc8bceb-ec4e-4870-83cc-59b31c50e6a1.png,https://static.flickr.com/7345/26514131213_0044cf5fd5.jpg
408bc4d9-9aaf-4b05-a779-ab27b7ee8dfe.png,https://static.flickr.com/7036/27048941161_1d4e89458e.jpg
3c7e0774-69f7-4d5b-b452-763d0a90e832.png,https://static.flickr.com/7758/27084323106_2b47afd03e.jpg
46ddb852-9faa-4459-a2a1-41e40113586c.png,https://static.flickr.com/7218/26512649484_3f2509573a.jpg
dafeaef1-1fc4-4e2e-b97b-3dc9d6bca2d4.png,https://static.flickr.com/7493/26512279444_45f911f58f.jpg
772314cd-2e1c-442c-8e1c-0530f62bcd4c.png,https://static.flickr.com/7752/27049731001_775069dd09.jpg
2ae5f9a8-7275-4111-b3a9-8045572816b7.png,https://static.flickr.com/7182/26512716124_f8349940dc.jpg
37828ebc-1131-4a12-b889-62fde424cd3f.png,https://static.flickr.com/7292/27117369975_8193caf871.jpg
e28cd570-408c-43fa-9926-1a01552e7ad9.png,https://static.flickr.com/7087/27049632701_9e7b4065a3.jpg
caaa20de-c33a-4c21-a4d5-43a6b28a8a8d.png,https://static.flickr.com/7442/27048952101_5c862b6c6d.jpg
11dd3099-0bdc-4462-9bb0-3909a3cb6445.png,https://static.flickr.com/7785/27118071705_1e2be8198d.jpg
7bc9c463-da46-4f58-88e1-d851aee54536.png,https://static.flickr.com/7292/27117369975_8193caf871.jpg
24320bcb-52a2-4d9e-aa59-fbee7dea0b75.png,https://static.flickr.com/7552/27083913026_c694550549.jpg
577aea57-cbc5-4ec7-94f7-6df7d9672b90.png,https://static.flickr.com/7624/27084150046_d058ef9871.jpg
6edddd66-2929-471b-9e87-653a82a68c6f.png,https://static.flickr.com/7332/26514246483_042e8986da.jpg
f48f6427-367f-49a1-b224-d314b763ad29.png,https://static.flickr.com/7218/26512649484_3f2509573a.jpg
fd99d424-2112-419a-adcb-9713856452f6.png,https://static.flickr.com/7299/26512191324_f985a246c5.jpg
990e158f-f085-47cf-acdb-f3b66d95e40e.png,https://static.flickr.com/7340/27023162842_e749ce73ab.jpg
911b5161-ca64-4a6b-832c-f5903fc2ed39.png,https://static.flickr.com/7253/27117694885_6f495f6e02.jpg
8e38f43f-07d6-4702-91a0-3fa001480fa1.png,https://static.flickr.com/7282/26843155850_23a1bb9b5d.jpg
d08d13d2-c36a-4ced-a3b1-442786070e14.png,https://static.flickr.com/7059/27048930981_a1ae94233e.jpg
c7364ed0-8080-4b7e-b2bf-9d34bad19c16.png,https://static.flickr.com/7648/26514261673_787a6da112.jpg
b721a0af-a35e-4f63-a2de-467ae49cbfdf.png,https://static.flickr.com/7469/27117266265_a37ce29a75.jpg
d7f30490-201b-447d-845f-476eba0eedb3.png,https://static.flickr.com/7030/27049066931_8009ec51df.jpg
fae5d5b3-811f-4c14-81fd-c8cb2ce58ea5.png,https://static.flickr.com/7411/27023314002_1811b9d550.jpg
f26e3459-bdd3-4b36-88aa-ace9f18f375f.png,https://static.flickr.com/7708/26843352430_29d13cc3fe.jpg
13a669dd-d081-4992-acd3-686e3c24ab81.png,https://static.flickr.com/7222/26513780143_71c2e7ff6a.jpg
bee2c3df-8195-4bb7-8a4f-86f06e69fef1.png,https://static.flickr.com/7035/26512424594_3b5ab715ec.jpg
8142a4cd-df1f-4e6d-98c2-e66a5f57cf46.png,https://static.flickr.com/7493/26512279444_45f911f58f.jpg
ebfed0a2-b54f-4347-8c96-55fc7a9c084e.png,https://static.flickr.com/7050/27023097652_070f77fbf0.jpg
3f415b66-ffb1-4b2a-9fcd-8a53f81727fd.png,https://static.flickr.com/7637/26843137870_81aa677ae4.jpg
5a1ac388-65ff-4bd3-989e-4d75f96beeab.png,https://static.flickr.com/7372/27084590646_b2f9a75ac9.jpg
05adc8d0-fb75-413d-b8b3-a22bc66bd04f.png,https://static.flickr.com/7218/26512649484_3f2509573a.jpg
d3f8c2aa-f9e1-47bf-a54f-0c9cb02ca9be.png,https://static.flickr.com/7151/26513825183_83da5a0d22.jpg
93e6a028-64ce-43d1-bae0-b070956961e0.png,https://static.flickr.com/7293/26513548733_1d64ca5a29.jpg
